{
  "timestamp": "2026-03-11T19:18:23.880376+00:00",
  "query_count": 3,
  "limit": 20,
  "k_values": [
    5,
    10,
    20
  ],
  "configurations": [
    {
      "mode": "hybrid",
      "config": "ollama-nomic-768",
      "label": "hybrid/ollama-nomic-768",
      "metrics": {
        "mrr": 0.7777777777777778,
        "recall@5": 0.5277777777777778,
        "ndcg@5": 0.5720764248890887,
        "map@5": 0.3981481481481481,
        "recall@10": 0.8333333333333334,
        "ndcg@10": 0.6960571049282757,
        "map@10": 0.5171957671957671,
        "recall@20": 1.0,
        "ndcg@20": 0.7576983214468974,
        "map@20": 0.5586487586487586
      },
      "latency_ms": {
        "mean": 115.64559300313704,
        "p50": 153.35868200054392,
        "p95": 166.25517699867487,
        "max": 166.25517699867487
      },
      "per_namespace": {
        "legion.claude-github": {
          "mrr": 0.3333333333333333,
          "recall@5": 0.25,
          "ndcg@5": 0.1192595584682712,
          "map@5": 0.08333333333333333,
          "recall@10": 0.5,
          "ndcg@10": 0.27827230309263273,
          "map@10": 0.15476190476190477,
          "recall@20": 1.0,
          "ndcg@20": 0.4631959526484981,
          "map@20": 0.27912087912087913
        },
        "legion.claude-journal": {
          "mrr": 0.6666666666666666,
          "recall@5": 0.4583333333333333,
          "ndcg@5": 0.4588722082838843,
          "map@5": 0.3194444444444444,
          "recall@10": 0.75,
          "ndcg@10": 0.5916109044693649,
          "map@10": 0.4265873015873015,
          "recall@20": 1.0,
          "ndcg@20": 0.6840727292472977,
          "map@20": 0.4887667887667887
        },
        "legion.claude-code": {
          "mrr": 0.7777777777777778,
          "recall@5": 0.5277777777777778,
          "ndcg@5": 0.5720764248890887,
          "map@5": 0.3981481481481481,
          "recall@10": 0.8333333333333334,
          "ndcg@10": 0.6960571049282757,
          "map@10": 0.5171957671957671,
          "recall@20": 1.0,
          "ndcg@20": 0.7576983214468974,
          "map@20": 0.5586487586487586
        },
        "legion.claude-web.conversation": {
          "mrr": 1.0,
          "recall@5": 0.6666666666666666,
          "ndcg@5": 0.7984848580994974,
          "map@5": 0.5555555555555555,
          "recall@10": 1.0,
          "ndcg@10": 0.9049495058460971,
          "map@10": 0.6984126984126983,
          "recall@20": 1.0,
          "ndcg@20": 0.9049495058460971,
          "map@20": 0.6984126984126983
        }
      },
      "per_category": {
        "factual": {
          "mrr": 0.7777777777777778,
          "recall@5": 0.5277777777777778,
          "ndcg@5": 0.5720764248890887,
          "map@5": 0.3981481481481481,
          "recall@10": 0.8333333333333334,
          "ndcg@10": 0.6960571049282757,
          "map@10": 0.5171957671957671,
          "recall@20": 1.0,
          "ndcg@20": 0.7576983214468974,
          "map@20": 0.5586487586487586
        }
      },
      "per_query": [
        {
          "id": "factual-001",
          "mrr": 0.3333333333333333,
          "recall@5": 0.25,
          "ndcg@5": 0.1192595584682712,
          "map@5": 0.08333333333333333,
          "recall@10": 0.5,
          "ndcg@10": 0.27827230309263273,
          "map@10": 0.15476190476190477,
          "recall@20": 1.0,
          "ndcg@20": 0.4631959526484981,
          "map@20": 0.27912087912087913,
          "retrieved_count": 20,
          "retrieved": [
            "orn:legion.claude-web.conversation:2025-10-06/a54e0a34-personal-digital-twin-ecosystem",
            "orn:legion.claude-message:email:msg:ltf:3643",
            "orn:legion.claude-code:2026-03-10/316aa77a",
            "orn:legion.claude-message:email:msg:ltf:3679",
            "orn:legion.claude-web.conversation:2025-10-06/45ade308-bootstrap-command-markdown",
            "orn:legion.claude-message:email:msg:ltf:8988",
            "orn:legion.claude-github:LinuxIsCool/legion-koi",
            "orn:legion.claude-message:email:msg:ltf:7123",
            "orn:legion.claude-code:2026-03-10/7530cf6f",
            "orn:legion.claude-message:email:msg:ltf:5241",
            "orn:legion.claude-code:2026-03-11/3855dae1",
            "orn:legion.claude-message:email:msg:ltf:8145",
            "orn:legion.claude-journal:2026-03-10/1225-the-plugin-koi-insight",
            "orn:legion.claude-message:email:msg:ltf:4078",
            "orn:legion.claude-journal:2026-03-10/1146-the-personal-koi",
            "orn:legion.claude-message:email:msg:ltf:2769",
            "orn:legion.claude-journal:2026-03-11/07-48-legion-koi-phase-3-embeddings-semantic-search",
            "orn:legion.claude-message:email:msg:ltf:7515",
            "orn:legion.claude-message:email:msg:ltf:4981",
            "orn:legion.claude-message:email:msg:ltf:9883"
          ]
        },
        {
          "id": "factual-002",
          "mrr": 1.0,
          "recall@5": 0.6666666666666666,
          "ndcg@5": 0.7984848580994974,
          "map@5": 0.5555555555555555,
          "recall@10": 1.0,
          "ndcg@10": 0.9049495058460971,
          "map@10": 0.6984126984126983,
          "recall@20": 1.0,
          "ndcg@20": 0.9049495058460971,
          "map@20": 0.6984126984126983,
          "retrieved_count": 20,
          "retrieved": [
            "orn:legion.claude-journal:2026-03-10/0621-efficiency-retrospective",
            "orn:legion.claude-message:email:msg:ltf:1473",
            "orn:legion.claude-code:2026-03-03/3dd87858",
            "orn:legion.claude-message:email:msg:ltf:2238",
            "orn:legion.claude-journal:2026-03-10/0649-phase1-complete-and-the-great-awakening",
            "orn:legion.claude-message:email:msg:ltf:5438",
            "orn:legion.claude-journal:2026-03-10/0720-phase2-data-strategy-and-the-para-question",
            "orn:legion.claude-message:email:msg:ltf:5333",
            "orn:legion.claude-code:2026-03-10/dd7c059d",
            "orn:legion.claude-message:email:msg:ltf:16368",
            "orn:legion.claude-journal:2026-03-10/0821-the-sorting-and-the-slowdown",
            "orn:legion.claude-message:email:msg:ltf:5728",
            "orn:legion.claude-message:email:msg:ltf:1896",
            "orn:legion.claude-message:email:msg:ltf:4169",
            "orn:legion.claude-message:email:msg:ltf:5565",
            "orn:legion.claude-message:email:msg:ltf:6509",
            "orn:legion.claude-message:email:msg:ltf:6635",
            "orn:legion.claude-message:email:msg:ltf:1374",
            "orn:legion.claude-message:email:msg:ltf:607",
            "orn:legion.claude-message:email:msg:ltf:3117"
          ]
        },
        {
          "id": "factual-003",
          "mrr": 1.0,
          "recall@5": 0.6666666666666666,
          "ndcg@5": 0.7984848580994974,
          "map@5": 0.5555555555555555,
          "recall@10": 1.0,
          "ndcg@10": 0.9049495058460971,
          "map@10": 0.6984126984126983,
          "recall@20": 1.0,
          "ndcg@20": 0.9049495058460971,
          "map@20": 0.6984126984126983,
          "retrieved_count": 20,