{
  "timestamp": "2026-03-11T17:46:03.524236+00:00",
  "query_count": 10,
  "limit": 20,
  "k_values": [
    5,
    10,
    20
  ],
  "configurations": [
    {
      "mode": "fts",
      "config": null,
      "label": "fts",
      "metrics": {
        "mrr": 0.8833333333333334,
        "recall@5": 0.775,
        "ndcg@5": 0.73943224321234,
        "map@5": 0.6875,
        "recall@10": 0.9,
        "ndcg@10": 0.7943536984281678,
        "map@10": 0.7505952380952381,
        "recall@20": 0.9,
        "ndcg@20": 0.7943536984281678,
        "map@20": 0.7505952380952381
      },
      "latency_ms": {
        "mean": 18.471848196350038,
        "p50": 22.941628994885832,
        "p95": 46.050456003285944,
        "max": 46.050456003285944
      },
      "per_namespace": {
        "legion.claude-github": {
          "mrr": 0.5,
          "recall@5": 0.5,
          "ndcg@5": 0.3559379923047248,
          "map@5": 0.25,
          "recall@10": 1.0,
          "ndcg@10": 0.5901951407645135,
          "map@10": 0.48214285714285715,
          "recall@20": 1.0,
          "ndcg@20": 0.5901951407645135,
          "map@20": 0.48214285714285715
        },
        "legion.claude-journal": {
          "mrr": 0.9166666666666666,
          "recall@5": 0.75,
          "ndcg@5": 0.7097040022524274,
          "map@5": 0.6944444444444445,
          "recall@10": 0.8333333333333334,
          "ndcg@10": 0.7487468603290588,
          "map@10": 0.7331349206349206,
          "recall@20": 0.8333333333333334,
          "ndcg@20": 0.7487468603290588,
          "map@20": 0.7331349206349206
        },
        "legion.claude-code": {
          "mrr": 0.8541666666666666,
          "recall@5": 0.78125,
          "ndcg@5": 0.7606992147959769,
          "map@5": 0.6927083333333334,
          "recall@10": 0.9375,
          "ndcg@10": 0.8293510338157618,
          "map@10": 0.7715773809523809,
          "recall@20": 0.9375,
          "ndcg@20": 0.8293510338157618,
          "map@20": 0.7715773809523809
        },
        "legion.claude-web.conversation": {
          "mrr": 0.8666666666666666,
          "recall@5": 0.75,
          "ndcg@5": 0.7050212686432464,
          "map@5": 0.6416666666666666,
          "recall@10": 0.9,
          "ndcg@10": 0.7680127493829445,
          "map@10": 0.7214285714285713,
          "recall@20": 0.9,
          "ndcg@20": 0.7680127493829445,
          "map@20": 0.7214285714285713
        },
        "legion.claude-recording": {
          "mrr": 1.0,
          "recall@5": 0.8125,
          "ndcg@5": 0.7615767874546874,
          "map@5": 0.7708333333333333,
          "recall@10": 0.875,
          "ndcg@10": 0.7828173433835512,
          "map@10": 0.8125,
          "recall@20": 0.875,
          "ndcg@20": 0.7828173433835512,
          "map@20": 0.8125
        }
      },
      "per_category": {
        "factual": {
          "mrr": 0.8333333333333334,
          "recall@5": 0.8333333333333334,
          "ndcg@5": 0.7705516724509787,
          "map@5": 0.6944444444444443,
          "recall@10": 1.0,
          "ndcg@10": 0.8486373886042416,
          "map@10": 0.7718253968253967,
          "recall@20": 1.0,
          "ndcg@20": 0.8486373886042416,
          "map@20": 0.7718253968253967
        },
        "entity": {
          "mrr": 1.0,
          "recall@5": 1.0,
          "ndcg@5": 0.880011908764144,
          "map@5": 0.9166666666666666,
          "recall@10": 1.0,
          "ndcg@10": 0.880011908764144,
          "map@10": 0.9166666666666666,
          "recall@20": 1.0,
          "ndcg@20": 0.880011908764144,
          "map@20": 0.9166666666666666
        },
        "temporal": {
          "mrr": 1.0,
          "recall@5": 0.5,
          "ndcg@5": 0.6951165556982364,
          "map@5": 0.5,
          "recall@10": 0.5,
          "ndcg@10": 0.6951165556982364,
          "map@10": 0.5,
          "recall@20": 0.5,
          "ndcg@20": 0.6951165556982364,
          "map@20": 0.5
        },
        "cross-namespace": {
          "mrr": 0.6666666666666666,
          "recall@5": 0.625,
          "ndcg@5": 0.6192595584682712,
          "map@5": 0.47916666666666663,
          "recall@10": 1.0,
          "ndcg@10": 0.7767382603175164,
          "map@10": 0.6785714285714286,
          "recall@20": 1.0,
          "ndcg@20": 0.7767382603175164,
          "map@20": 0.6785714285714286
        },
        "exact-match": {
          "mrr": 1.0,
          "recall@5": 1.0,
          "ndcg@5": 1.0,
          "map@5": 1.0,
          "recall@10": 1.0,
          "ndcg@10": 1.0,
          "map@10": 1.0,
          "recall@20": 1.0,
          "ndcg@20": 1.0,
          "map@20": 1.0
        },
        "semantic": {
          "mrr": 1.0,
          "recall@5": 0.5,
          "ndcg@5": 0.38900792460739675,
          "map@5": 0.5,
          "recall@10": 0.5,
          "ndcg@10": 0.38900792460739675,
          "map@10": 0.5,
          "recall@20": 0.5,
          "ndcg@20": 0.38900792460739675,
          "map@20": 0.5
        }
      },
      "per_query": [
        {
          "id": "factual-001",
          "mrr": 0.5,
          "recall@5": 0.5,
          "ndcg@5": 0.3559379923047248,
          "map@5": 0.25,
          "recall@10": 1.0,
          "ndcg@10": 0.5901951407645135,
          "map@10": 0.48214285714285715,
          "recall@20": 1.0,
          "ndcg@20": 0.5901951407645135,
          "map@20": 0.48214285714285715,
          "retrieved_count": 9
        },
        {
          "id": "factual-002",
          "mrr": 1.0,
          "recall@5": 1.0,
          "ndcg@5": 0.9778585125241057,
          "map@5": 0.9166666666666666,
          "recall@10": 1.0,
          "ndcg@10": 0.9778585125241057,
          "map@10": 0.9166666666666666,
          "recall@20": 1.0,
          "ndcg@20": 0.9778585125241057,
          "map@20": 0.9166666666666666,
          "retrieved_count": 6
        },
        {
          "id": "factual-003",
          "mrr": 1.0,
          "recall@5": 1.0,
          "ndcg@5": 0.9778585125241057,
          "map@5": 0.9166666666666666,
          "recall@10": 1.0,
          "ndcg@10": 0.9778585125241057,
          "map@10": 0.9166666666666666,
          "recall@20": 1.0,
          "ndcg@20": 0.9778585125241057,
          "map@20": 0.9166666666666666,
          "retrieved_count": 20
        },
        {
          "id": "entity-001",
          "mrr": 1.0,
          "recall@5": 1.0,
          "ndcg@5": 0.8403030283801005,
          "map@5": 1.0,
          "recall@10": 1.0,
          "ndcg@10": 0.8403030283801005,
          "map@10": 1.0,
          "recall@20": 1.0,
          "ndcg@20": 0.8403030283801005,
          "map@20": 1.0,
          "retrieved_count": 20
        },
        {
          "id": "entity-002",
          "mrr": 1.0,
          "recall@5": 1.0,
          "ndcg@5": 0.9197207891481876,
          "map@5": 0.8333333333333333,
          "recall@10": 1.0,
          "ndcg@10": 0.9197207891481876,
          "map@10": 0.8333333333333333,
          "recall@20": 1.0,
          "ndcg@20": 0.9197207891481876,
          "map@20": 0.8333333333333333,
          "retrieved_count": 20
        },
        {
          "id": "temporal-001",
          "mrr": 1.0,
          "recall@5": 0.5,
          "ndcg@5": 0.6951165556982364,
          "map@5": 0.5,
          "recall@10": 0.5,
          "ndcg@10": 0.6951165556982364,
          "map@10": 0.5,
          "recall@20": 0.5,
          "ndcg@20": 0.6951165556982364,
          "map@20": 0.5,
          "retrieved_count": 2
        },
        {
          "id": "cross-001",
          "mrr": 1.0,
          "recall@5": 0.75,
          "ndcg@5": 0.8972754076830647,
          "map@5": 0.75,
          "recall@10": 1.0,
          "ndcg@10": 0.9822376313985199,
          "map@10": 0.9166666666666666,
          "recall@20": 1.0,
          "ndcg@20": 0.9822376313985199,
          "map@20": 0.9166666666666666,
          "retrieved_count": 20
        },
        {
          "id": "cross-002",
          "mrr": 0.3333333333333333,
          "recall@5": 0.5,