{
  "timestamp": "2026-03-11T19:28:20.801720+00:00",
  "query_count": 3,
  "limit": 20,
  "k_values": [
    5,
    10,
    20
  ],
  "configurations": [
    {
      "mode": "hybrid",
      "config": "ollama-nomic-768",
      "label": "hybrid/ollama-nomic-768",
      "metrics": {
        "mrr": 1.0,
        "recall@5": 0.6944444444444443,
        "ndcg@5": 0.7722561825696465,
        "map@5": 0.587037037037037,
        "recall@10": 1.0,
        "ndcg@10": 0.8911002202255022,
        "map@10": 0.7193121693121691,
        "recall@20": 1.0,
        "ndcg@20": 0.8911002202255022,
        "map@20": 0.7193121693121691
      },
      "latency_ms": {
        "mean": 105.16031133010983,
        "p50": 68.52527600130998,
        "p95": 190.69537598988973,
        "max": 190.69537598988973
      },
      "per_namespace": {
        "legion.claude-github": {
          "mrr": 1.0,
          "recall@5": 0.75,
          "ndcg@5": 0.7197988315099445,
          "map@5": 0.65,
          "recall@10": 1.0,
          "ndcg@10": 0.8634016489843124,
          "map@10": 0.7611111111111111,
          "recall@20": 1.0,
          "ndcg@20": 0.8634016489843124,
          "map@20": 0.7611111111111111
        },
        "legion.claude-journal": {
          "mrr": 1.0,
          "recall@5": 0.7083333333333333,
          "ndcg@5": 0.7591418448047209,
          "map@5": 0.6027777777777777,
          "recall@10": 1.0,
          "ndcg@10": 0.8841755774152047,
          "map@10": 0.7297619047619046,
          "recall@20": 1.0,
          "ndcg@20": 0.8841755774152047,
          "map@20": 0.7297619047619046
        },
        "legion.claude-code": {
          "mrr": 1.0,
          "recall@5": 0.6944444444444443,
          "ndcg@5": 0.7722561825696465,
          "map@5": 0.587037037037037,
          "recall@10": 1.0,
          "ndcg@10": 0.8911002202255022,
          "map@10": 0.7193121693121691,
          "recall@20": 1.0,
          "ndcg@20": 0.8911002202255022,
          "map@20": 0.7193121693121691
        },
        "legion.claude-web.conversation": {
          "mrr": 1.0,
          "recall@5": 0.6666666666666666,
          "ndcg@5": 0.7984848580994974,
          "map@5": 0.5555555555555555,
          "recall@10": 1.0,
          "ndcg@10": 0.9049495058460971,
          "map@10": 0.6984126984126983,
          "recall@20": 1.0,
          "ndcg@20": 0.9049495058460971,
          "map@20": 0.6984126984126983
        }
      },
      "per_category": {
        "factual": {
          "mrr": 1.0,
          "recall@5": 0.6944444444444443,
          "ndcg@5": 0.7722561825696465,
          "map@5": 0.587037037037037,
          "recall@10": 1.0,
          "ndcg@10": 0.8911002202255022,
          "map@10": 0.7193121693121691,
          "recall@20": 1.0,
          "ndcg@20": 0.8911002202255022,
          "map@20": 0.7193121693121691
        }
      },
      "per_query": [
        {
          "id": "factual-001",
          "mrr": 1.0,
          "recall@5": 0.75,
          "ndcg@5": 0.7197988315099445,
          "map@5": 0.65,
          "recall@10": 1.0,
          "ndcg@10": 0.8634016489843124,
          "map@10": 0.7611111111111111,
          "recall@20": 1.0,
          "ndcg@20": 0.8634016489843124,
          "map@20": 0.7611111111111111,
          "retrieved_count": 20,
          "retrieved": [
            "orn:legion.claude-journal:2026-03-10/1225-the-plugin-koi-insight",
            "orn:legion.claude-journal:2026-03-10/1146-the-personal-koi",
            "orn:legion.claude-web.conversation:2025-10-06/a54e0a34-personal-digital-twin-ecosystem",
            "orn:legion.claude-message:signal:msg:019cbb26-7e5f-7f2b-881c-5d55e0666bca",
            "orn:legion.claude-code:2026-03-10/316aa77a",
            "orn:legion.claude-journal:2026-03-10/1300-legion-koi-phase1-complete",
            "orn:legion.claude-web.conversation:2025-10-06/45ade308-bootstrap-command-markdown",
            "orn:legion.claude-journal:2026-03-10/1615-phase2c-transcript-ingestion",
            "orn:legion.claude-github:LinuxIsCool/legion-koi",
            "orn:legion.claude-message:signal:msg:019cbb26-ba7f-79e6-9c52-fd2296949d69",
            "orn:legion.claude-code:2026-03-10/7530cf6f",
            "orn:legion.claude-message:telegram:msg:-1003756725881:2471",
            "orn:legion.claude-code:2026-03-11/3855dae1",
            "orn:legion.claude-message:telegram:msg:-1003756725881:2452",
            "orn:legion.claude-journal:2026-03-10/1551-phase2b-scale-and-search",
            "orn:legion.claude-message:telegram:msg:-1003756725881:2492",
            "orn:legion.claude-journal:2026-03-11/07-48-legion-koi-phase-3-embeddings-semantic-search",
            "orn:legion.claude-message:telegram:msg:-1003756725881:2465",
            "orn:legion.claude-message:signal:msg:019cbb26-ab0f-7b7d-b17a-f79be4456b8a",
            "orn:legion.claude-message:telegram:msg:8576720966:68447"
          ]
        },
        {
          "id": "factual-002",
          "mrr": 1.0,
          "recall@5": 0.6666666666666666,
          "ndcg@5": 0.7984848580994974,
          "map@5": 0.5555555555555555,
          "recall@10": 1.0,
          "ndcg@10": 0.9049495058460971,
          "map@10": 0.6984126984126983,
          "recall@20": 1.0,
          "ndcg@20": 0.9049495058460971,
          "map@20": 0.6984126984126983,
          "retrieved_count": 20,
          "retrieved": [
            "orn:legion.claude-journal:2026-03-10/0621-efficiency-retrospective",
            "orn:legion.claude-message:email:msg:ltf:1473",
            "orn:legion.claude-code:2026-03-03/3dd87858",
            "orn:legion.claude-message:email:msg:ltf:2238",
            "orn:legion.claude-journal:2026-03-10/0649-phase1-complete-and-the-great-awakening",
            "orn:legion.claude-message:email:msg:ltf:17402",
            "orn:legion.claude-journal:2026-03-10/0720-phase2-data-strategy-and-the-para-question",
            "orn:legion.claude-message:email:msg:ltf:17354",
            "orn:legion.claude-code:2026-03-10/dd7c059d",
            "orn:legion.claude-message:email:msg:ltf:5438",
            "orn:legion.claude-journal:2026-03-10/0821-the-sorting-and-the-slowdown",
            "orn:legion.claude-message:email:msg:ltf:5333",
            "orn:legion.claude-message:email:msg:ltf:16368",
            "orn:legion.claude-message:email:msg:ltf:5728",
            "orn:legion.claude-message:email:msg:ltf:1896",
            "orn:legion.claude-message:email:msg:ltf:4169",
            "orn:legion.claude-message:email:msg:ltf:5565",
            "orn:legion.claude-message:email:msg:ltf:6509",
            "orn:legion.claude-message:email:msg:ltf:6635",
            "orn:legion.claude-message:email:msg:ltf:1374"
          ]
        },
        {
          "id": "factual-003",
          "mrr": 1.0,
          "recall@5": 0.6666666666666666,
          "ndcg@5": 0.7984848580994974,
          "map@5": 0.5555555555555555,
          "recall@10": 1.0,
          "ndcg@10": 0.9049495058460971,
          "map@10": 0.6984126984126983,
          "recall@20": 1.0,
          "ndcg@20": 0.9049495058460971,
          "map@20": 0.6984126984126983,
          "retrieved_count": 20,