{
  "timestamp": "2026-03-11T17:46:15.167853+00:00",
  "query_count": 10,
  "limit": 20,
  "k_values": [
    5,
    10,
    20
  ],
  "configurations": [
    {
      "mode": "hybrid",
      "config": "ollama-nomic-768",
      "label": "hybrid/ollama-nomic-768",
      "metrics": {
        "mrr": 0.8458333333333334,
        "recall@5": 0.6916666666666667,
        "ndcg@5": 0.6314158608079826,
        "map@5": 0.5522222222222222,
        "recall@10": 0.8,
        "ndcg@10": 0.6799072295232399,
        "map@10": 0.5817757936507937,
        "recall@20": 0.925,
        "ndcg@20": 0.7217295763483619,
        "map@20": 0.6121470543345543
      },
      "latency_ms": null,
      "per_namespace": {
        "legion.claude-github": {
          "mrr": 0.3333333333333333,
          "recall@5": 0.25,
          "ndcg@5": 0.1192595584682712,
          "map@5": 0.08333333333333333,
          "recall@10": 0.5,
          "ndcg@10": 0.27827230309263273,
          "map@10": 0.15476190476190477,
          "recall@20": 1.0,
          "ndcg@20": 0.4631959526484981,
          "map@20": 0.27912087912087913
        },
        "legion.claude-journal": {
          "mrr": 0.8888888888888888,
          "recall@5": 0.75,
          "ndcg@5": 0.6313539700094182,
          "map@5": 0.5944444444444444,
          "recall@10": 0.7916666666666666,
          "ndcg@10": 0.6578560941134785,
          "map@10": 0.6063492063492063,
          "recall@20": 0.875,
          "ndcg@20": 0.6886767023727893,
          "map@20": 0.6270757020757021
        },
        "legion.claude-code": {
          "mrr": 0.8072916666666666,
          "recall@5": 0.6770833333333334,
          "ndcg@5": 0.6295823929408532,
          "map@5": 0.5340277777777778,
          "recall@10": 0.8125,
          "ndcg@10": 0.6901966038349248,
          "map@10": 0.570969742063492,
          "recall@20": 0.96875,
          "ndcg@20": 0.7424745373663272,
          "map@20": 0.6089338179181929
        },
        "legion.claude-web.conversation": {
          "mrr": 0.825,
          "recall@5": 0.5833333333333333,
          "ndcg@5": 0.5767626926856262,
          "map@5": 0.47444444444444434,
          "recall@10": 0.75,
          "ndcg@10": 0.6419428811912685,
          "map@10": 0.519265873015873,
          "recall@20": 0.9,
          "ndcg@20": 0.6886028449303393,
          "map@20": 0.5551365995115994
        },
        "legion.claude-recording": {
          "mrr": 1.0,
          "recall@5": 0.8125,
          "ndcg@5": 0.7028841018250961,
          "map@5": 0.6430555555555555,
          "recall@10": 0.8125,
          "ndcg@10": 0.7028841018250961,
          "map@10": 0.6430555555555555,
          "recall@20": 0.875,
          "ndcg@20": 0.7185458356153123,
          "map@20": 0.6622863247863248
        }
      },
      "per_category": {
        "factual": {
          "mrr": 0.7777777777777778,
          "recall@5": 0.6388888888888888,
          "ndcg@5": 0.5646959290637906,
          "map@5": 0.4814814814814814,
          "recall@10": 0.8333333333333334,
          "ndcg@10": 0.6531883931874444,
          "map@10": 0.5529100529100529,
          "recall@20": 1.0,
          "ndcg@20": 0.7148296097060661,
          "map@20": 0.5943630443630443
        },
        "entity": {
          "mrr": 1.0,
          "recall@5": 1.0,
          "ndcg@5": 0.8229642955599691,
          "map@5": 0.7944444444444444,
          "recall@10": 1.0,
          "ndcg@10": 0.8229642955599691,
          "map@10": 0.7944444444444444,
          "recall@20": 1.0,
          "ndcg@20": 0.8229642955599691,
          "map@20": 0.7944444444444444
        },
        "temporal": {
          "mrr": 1.0,
          "recall@5": 0.75,
          "ndcg@5": 0.9082209380838205,
          "map@5": 0.75,
          "recall@10": 0.75,
          "ndcg@10": 0.9082209380838205,
          "map@10": 0.75,
          "recall@20": 0.75,
          "ndcg@20": 0.9082209380838205,
          "map@20": 0.75
        },
        "cross-namespace": {
          "mrr": 0.5625,
          "recall@5": 0.375,
          "ndcg@5": 0.40391457038781625,
          "map@5": 0.2833333333333333,
          "recall@10": 0.625,
          "ndcg@10": 0.5136327177786222,
          "map@10": 0.32395833333333335,
          "recall@20": 1.0,
          "ndcg@20": 0.6302826271262991,
          "map@20": 0.4136351495726495
        },
        "exact-match": {
          "mrr": 1.0,
          "recall@5": 1.0,
          "ndcg@5": 0.9003134755042497,
          "map@5": 0.7555555555555555,
          "recall@10": 1.0,
          "ndcg@10": 0.9003134755042497,
          "map@10": 0.7555555555555555,
          "recall@20": 1.0,
          "ndcg@20": 0.9003134755042497,
          "map@20": 0.7555555555555555
        },
        "semantic": {
          "mrr": 1.0,
          "recall@5": 0.5,
          "ndcg@5": 0.3577786754048136,
          "map@5": 0.41666666666666663,
          "recall@10": 0.5,
          "ndcg@10": 0.3577786754048136,
          "map@10": 0.41666666666666663,
          "recall@20": 0.5,
          "ndcg@20": 0.3577786754048136,
          "map@20": 0.41666666666666663
        }
      },
      "per_query": [
        {
          "id": "factual-001",
          "mrr": 0.3333333333333333,
          "recall@5": 0.25,
          "ndcg@5": 0.1192595584682712,
          "map@5": 0.08333333333333333,
          "recall@10": 0.5,
          "ndcg@10": 0.27827230309263273,
          "map@10": 0.15476190476190477,
          "recall@20": 1.0,
          "ndcg@20": 0.4631959526484981,
          "map@20": 0.27912087912087913,
          "retrieved_count": 20
        },
        {
          "id": "factual-002",
          "mrr": 1.0,
          "recall@5": 1.0,
          "ndcg@5": 0.7763433706236033,
          "map@5": 0.8055555555555555,
          "recall@10": 1.0,
          "ndcg@10": 0.7763433706236033,
          "map@10": 0.8055555555555555,
          "recall@20": 1.0,
          "ndcg@20": 0.7763433706236033,
          "map@20": 0.8055555555555555,
          "retrieved_count": 20
        },
        {
          "id": "factual-003",
          "mrr": 1.0,
          "recall@5": 0.6666666666666666,
          "ndcg@5": 0.7984848580994974,
          "map@5": 0.5555555555555555,
          "recall@10": 1.0,
          "ndcg@10": 0.9049495058460971,
          "map@10": 0.6984126984126983,
          "recall@20": 1.0,
          "ndcg@20": 0.9049495058460971,
          "map@20": 0.6984126984126983,
          "retrieved_count": 20
        },
        {
          "id": "entity-001",
          "mrr": 1.0,
          "recall@5": 1.0,
          "ndcg@5": 0.7262078019717506,
          "map@5": 0.7555555555555555,
          "recall@10": 1.0,
          "ndcg@10": 0.7262078019717506,
          "map@10": 0.7555555555555555,
          "recall@20": 1.0,
          "ndcg@20": 0.7262078019717506,
          "map@20": 0.7555555555555555,
          "retrieved_count": 20
        },
        {
          "id": "entity-002",
          "mrr": 1.0,
          "recall@5": 1.0,
          "ndcg@5": 0.9197207891481876,
          "map@5": 0.8333333333333333,
          "recall@10": 1.0,
          "ndcg@10": 0.9197207891481876,
          "map@10": 0.8333333333333333,
          "recall@20": 1.0,
          "ndcg@20": 0.9197207891481876,
          "map@20": 0.8333333333333333,
          "retrieved_count": 20
        },
        {
          "id": "temporal-001",
          "mrr": 1.0,
          "recall@5": 0.75,
          "ndcg@5": 0.9082209380838205,
          "map@5": 0.75,
          "recall@10": 0.75,
          "ndcg@10": 0.9082209380838205,
          "map@10": 0.75,
          "recall@20": 0.75,
          "ndcg@20": 0.9082209380838205,
          "map@20": 0.75,
          "retrieved_count": 20
        },
        {
          "id": "cross-001",
          "mrr": 1.0,
          "recall@5": 0.75,
          "ndcg@5": 0.8078291407756325,
          "map@5": 0.5666666666666667,
          "recall@10": 0.75,
          "ndcg@10": 0.8078291407756325,
          "map@10": 0.5666666666666667,